Period,Value
27-May-18,0.085359
01-Jun-18,0.085337
06-Jun-18,0.085267
11-Jun-18,0.085243
16-Jun-18,0.085301
21-Jun-18,0.085289
26-Jun-18,0.085269
01-Jul-18,0.085178
06-Jul-18,0.085106
11-Jul-18,0.085181
16-Jul-18,0.085192
21-Jul-18,0.085123
26-Jul-18,0.085165
31-Jul-18,0.085157
05-Aug-18,0.085126
10-Aug-18,0.084999
15-Aug-18,0.085069
20-Aug-18,0.085001
25-Aug-18,0.085075
30-Aug-18,0.085001
04-Sep-18,0.085049
09-Sep-18,0.085156
14-Sep-18,0.08515
19-Sep-18,0.085101
24-Sep-18,0.08505
29-Sep-18,0.085069
04-Oct-18,0.085125
09-Oct-18,0.085109
14-Oct-18,0.085039
19-Oct-18,0.085113
24-Oct-18,0.0851
29-Oct-18,0.085169
03-Nov-18,0.085145
08-Nov-18,0.085166
13-Nov-18,0.085101
18-Nov-18,0.08469
23-Nov-18,0.08459
28-Nov-18,0.08465
03-Dec-18,0.084665
08-Dec-18,0.084639
13-Dec-18,0.084676
18-Dec-18,0.08475
23-Dec-18,0.084804
28-Dec-18,0.084829
02-Jan-19,0.0847
07-Jan-19,0.084734
12-Jan-19,0.08475
17-Jan-19,0.08482
22-Jan-19,0.084756
27-Jan-19,0.084662
01-Feb-19,0.08468
06-Feb-19,0.084688
11-Feb-19,0.084725
16-Feb-19,0.084731
21-Feb-19,0.084605
26-Feb-19,0.084732
03-Mar-19,0.0846
08-Mar-19,0.0846
13-Mar-19,0.084587
18-Mar-19,0.084638
23-Mar-19,0.084573
28-Mar-19,0.08457
02-Apr-19,0.084651
07-Apr-19,0.084778
12-Apr-19,0.084762
17-Apr-19,0.084842
22-Apr-19,0.084791
27-Apr-19,0.084795
02-May-19,0.084794
07-May-19,0.084834
12-May-19,0.084824
17-May-19,0.084761
22-May-19,0.08478
27-May-19,0.084754
01-Jun-19,0.084801
06-Jun-19,0.084611
11-Jun-19,0.084471
16-Jun-19,0.08438
21-Jun-19,0.084445
26-Jun-19,0.08447
01-Jul-19,0.084473
06-Jul-19,0.084442
11-Jul-19,0.084435
16-Jul-19,0.084463
21-Jul-19,0.08445
26-Jul-19,0.084441
31-Jul-19,0.084453
05-Aug-19,0.084465
10-Aug-19,0.084463
15-Aug-19,0.084528
20-Aug-19,0.084424
25-Aug-19,0.084406
30-Aug-19,0.08439
04-Sep-19,0.084356
09-Sep-19,0.084445
14-Sep-19,0.0842
19-Sep-19,0.08412
24-Sep-19,0.08413
29-Sep-19,0.084159
04-Oct-19,0.084133
09-Oct-19,0.084239
14-Oct-19,0.084307
19-Oct-19,0.084302
24-Oct-19,0.084257
29-Oct-19,0.084358
03-Nov-19,0.084301
08-Nov-19,0.084407
13-Nov-19,0.0843
18-Nov-19,0.084361
23-Nov-19,0.084309
28-Nov-19,0.084348
03-Dec-19,0.084306
08-Dec-19,0.084349
13-Dec-19,0.084362
18-Dec-19,0.084344
23-Dec-19,0.084258
28-Dec-19,0.08415
02-Jan-20,0.084103
07-Jan-20,0.084162
12-Jan-20,0.084173
17-Jan-20,0.083986
22-Jan-20,0.083998
27-Jan-20,0.084003
01-Feb-20,0.084105
06-Feb-20,0.084098
11-Feb-20,0.084105
16-Feb-20,0.084123
21-Feb-20,0.084072
26-Feb-20,0.08406
02-Mar-20,0.083899
07-Mar-20,0.083963
12-Mar-20,0.083944
17-Mar-20,0.083939
22-Mar-20,0.083921
27-Mar-20,0.083969
01-Apr-20,0.083928
06-Apr-20,0.083898
11-Apr-20,0.083966
16-Apr-20,0.083981
21-Apr-20,0.083898
26-Apr-20,0.083879
01-May-20,0.083953
06-May-20,0.083912
11-May-20,0.083862
16-May-20,0.083855
21-May-20,0.083929
26-May-20,0.083974
31-May-20,0.083939
05-Jun-20,0.083943
10-Jun-20,0.083864
15-Jun-20,0.08381
20-Jun-20,0.0838
25-Jun-20,0.083821
30-Jun-20,0.083853
05-Jul-20,0.083835
10-Jul-20,0.08378
15-Jul-20,0.083701
20-Jul-20,0.083574
25-Jul-20,0.083537
30-Jul-20,0.083497
04-Aug-20,0.083536
09-Aug-20,0.083511
14-Aug-20,0.083504
19-Aug-20,0.08359
24-Aug-20,0.083644
29-Aug-20,0.08365
03-Sep-20,0.083583
08-Sep-20,0.083651
13-Sep-20,0.083638
18-Sep-20,0.083704
23-Sep-20,0.083692
28-Sep-20,0.083722
03-Oct-20,0.083765
08-Oct-20,0.08385
13-Oct-20,0.083773
18-Oct-20,0.083774
23-Oct-20,0.083772
28-Oct-20,0.083869
02-Nov-20,0.083833
07-Nov-20,0.083857
12-Nov-20,0.083771
17-Nov-20,0.083677
22-Nov-20,0.083737
27-Nov-20,0.083818
02-Dec-20,0.083813
07-Dec-20,0.0838
12-Dec-20,0.08368
17-Dec-20,0.083722
22-Dec-20,0.083796
27-Dec-20,0.0838
01-Jan-21,0.083849
06-Jan-21,0.08385
11-Jan-21,0.083881
16-Jan-21,0.083964
21-Jan-21,0.0838
26-Jan-21,0.083844
31-Jan-21,0.083921
05-Feb-21,0.083924
10-Feb-21,0.084001
15-Feb-21,0.083946
20-Feb-21,0.083946
25-Feb-21,0.083942
02-Mar-21,0.084001
07-Mar-21,0.084006
12-Mar-21,0.083897
17-Mar-21,0.083886
22-Mar-21,0.083998
27-Mar-21,0.084025
01-Apr-21,0.084081
06-Apr-21,0.084026
11-Apr-21,0.084174
16-Apr-21,0.084169
21-Apr-21,0.084154
26-Apr-21,0.084271
01-May-21,0.084191
06-May-21,0.084139
11-May-21,0.084096
16-May-21,0.084097
21-May-21,0.084197
26-May-21,0.084102
31-May-21,0.084071
05-Jun-21,0.083953
10-Jun-21,0.083963
15-Jun-21,0.084031
20-Jun-21,0.083988
25-Jun-21,0.084076
30-Jun-21,0.084003
05-Jul-21,0.083958
10-Jul-21,0.083956
15-Jul-21,0.084127
20-Jul-21,0.084206
25-Jul-21,0.084166
30-Jul-21,0.084099
04-Aug-21,0.084079
09-Aug-21,0.08408
14-Aug-21,0.084169
19-Aug-21,0.084214
24-Aug-21,0.084226
29-Aug-21,0.08429
03-Sep-21,0.084263
08-Sep-21,0.08427
13-Sep-21,0.084221
18-Sep-21,0.084124
23-Sep-21,0.084107
28-Sep-21,0.084118
03-Oct-21,0.084301
08-Oct-21,0.084378
13-Oct-21,0.084357
18-Oct-21,0.084323
23-Oct-21,0.084254
28-Oct-21,0.084309
02-Nov-21,0.084236
07-Nov-21,0.084181
12-Nov-21,0.08414
17-Nov-21,0.084068
22-Nov-21,0.084096
27-Nov-21,0.084098
02-Dec-21,0.084127
07-Dec-21,0.084074
12-Dec-21,0.084042
17-Dec-21,0.084045
22-Dec-21,0.084081
27-Dec-21,0.083896
01-Jan-22,0.083696
06-Jan-22,0.083773
11-Jan-22,0.083623
16-Jan-22,0.083633
21-Jan-22,0.083684
26-Jan-22,0.083595
31-Jan-22,0.083607
05-Feb-22,0.083594
10-Feb-22,0.083583
15-Feb-22,0.083621
20-Feb-22,0.083639
25-Feb-22,0.083639
02-Mar-22,0.083754
07-Mar-22,0.083716
12-Mar-22,0.083846
17-Mar-22,0.083812
22-Mar-22,0.083835
27-Mar-22,0.08385
01-Apr-22,0.08385
06-Apr-22,0.083831
11-Apr-22,0.08382
16-Apr-22,0.083698
21-Apr-22,0.08373
26-Apr-22,0.0837
01-May-22,0.083725
06-May-22,0.08367
11-May-22,0.0836
16-May-22,0.08353
21-May-22,0.083562
26-May-22,0.0836
31-May-22,0.083501
05-Jun-22,0.083537
10-Jun-22,0.08342
15-Jun-22,0.083416
20-Jun-22,0.083395
25-Jun-22,0.083355
30-Jun-22,0.08335
05-Jul-22,0.083339
10-Jul-22,0.083325
15-Jul-22,0.083282
20-Jul-22,0.083341
25-Jul-22,0.08335
30-Jul-22,0.08335
04-Aug-22,0.08335
09-Aug-22,0.083334
14-Aug-22,0.083372
19-Aug-22,0.08336
24-Aug-22,0.083247
29-Aug-22,0.083298
03-Sep-22,0.083179
08-Sep-22,0.083261
13-Sep-22,0.083383
18-Sep-22,0.083328
23-Sep-22,0.083287
28-Sep-22,0.083225
03-Oct-22,0.08326
08-Oct-22,0.083377
13-Oct-22,0.083291
18-Oct-22,0.083215
23-Oct-22,0.083179
28-Oct-22,0.083176
02-Nov-22,0.083187
07-Nov-22,0.083273
12-Nov-22,0.083212
17-Nov-22,0.083213
22-Nov-22,0.083349
27-Nov-22,0.083328
02-Dec-22,0.083307
07-Dec-22,0.083358
12-Dec-22,0.083387
17-Dec-22,0.083449
22-Dec-22,0.083304
27-Dec-22,0.083118
01-Jan-23,0.08312
06-Jan-23,0.083059
11-Jan-23,0.08305
16-Jan-23,0.082986
21-Jan-23,0.08306
26-Jan-23,0.082951
31-Jan-23,0.083038
05-Feb-23,0.083021
10-Feb-23,0.083055
15-Feb-23,0.083083
20-Feb-23,0.083088
25-Feb-23,0.083048
02-Mar-23,0.082978
07-Mar-23,0.08295
12-Mar-23,0.082919
17-Mar-23,0.082949
22-Mar-23,0.082995
27-Mar-23,0.082908
01-Apr-23,0.082994
06-Apr-23,0.082994
11-Apr-23,0.082969
16-Apr-23,0.082981
21-Apr-23,0.082953
26-Apr-23,0.082954
01-May-23,0.083049
06-May-23,0.082981
11-May-23,0.083079
16-May-23,0.083083
21-May-23,0.082894
26-May-23,0.082936
31-May-23,0.082906
05-Jun-23,0.08265
10-Jun-23,0.082722
15-Jun-23,0.08251
20-Jun-23,0.082509
25-Jun-23,0.082521
30-Jun-23,0.082641
05-Jul-23,0.082794
10-Jul-23,0.082796
15-Jul-23,0.082789
20-Jul-23,0.082868
25-Jul-23,0.082889
30-Jul-23,0.082913
04-Aug-23,0.082886
09-Aug-23,0.082852
14-Aug-23,0.083015
19-Aug-23,0.083
24-Aug-23,0.083027
29-Aug-23,0.08302
03-Sep-23,0.082993
08-Sep-23,0.082991
13-Sep-23,0.082937
18-Sep-23,0.082984
23-Sep-23,0.083077
28-Sep-23,0.083021
03-Oct-23,0.08296
08-Oct-23,0.083044
13-Oct-23,0.08311
18-Oct-23,0.083119
23-Oct-23,0.083083
28-Oct-23,0.083125
02-Nov-23,0.083028
07-Nov-23,0.083083
12-Nov-23,0.082967
17-Nov-23,0.083047
22-Nov-23,0.082898
27-Nov-23,0.082945
02-Dec-23,0.082959
07-Dec-23,0.082962
12-Dec-23,0.082923
17-Dec-23,0.082892
22-Dec-23,0.082812
27-Dec-23,0.082998
01-Jan-24,0.08304
06-Jan-24,0.083049
11-Jan-24,0.082941
16-Jan-24,0.083038
21-Jan-24,0.083037
26-Jan-24,0.083008
31-Jan-24,0.08301
05-Feb-24,0.0831
10-Feb-24,0.083002
15-Feb-24,0.08317
20-Feb-24,0.083103
25-Feb-24,0.083201
01-Mar-24,0.08317
06-Mar-24,0.083169
11-Mar-24,0.08321
16-Mar-24,0.083186
21-Mar-24,0.083285
26-Mar-24,0.083287
31-Mar-24,0.083254
05-Apr-24,0.083163
10-Apr-24,0.083158
15-Apr-24,0.083112
20-Apr-24,0.083205
25-Apr-24,0.083041
30-Apr-24,0.083142
05-May-24,0.083039
10-May-24,0.083196
15-May-24,0.083232
20-May-24,0.083255
25-May-24,0.083345
30-May-24,0.08328
04-Jun-24,0.083343
09-Jun-24,0.083283
14-Jun-24,0.083284
19-Jun-24,0.083348
24-Jun-24,0.083317
29-Jun-24,0.08321
04-Jul-24,0.082983
09-Jul-24,0.082937
14-Jul-24,0.082875
19-Jul-24,0.08276
24-Jul-24,0.082756
29-Jul-24,0.08273
03-Aug-24,0.082798
08-Aug-24,0.082716
13-Aug-24,0.082726
18-Aug-24,0.082759
23-Aug-24,0.083028
28-Aug-24,0.083049
02-Sep-24,0.082972
07-Sep-24,0.082875
12-Sep-24,0.082901
17-Sep-24,0.082861
22-Sep-24,0.083032
27-Sep-24,0.082938
02-Oct-24,0.083011
07-Oct-24,0.083139
12-Oct-24,0.083138
17-Oct-24,0.083129
22-Oct-24,0.083082
27-Oct-24,0.083028
01-Nov-24,0.083098
06-Nov-24,0.082884
11-Nov-24,0.08295
16-Nov-24,0.082916
21-Nov-24,0.082546
26-Nov-24,0.082607
01-Dec-24,0.082681
06-Dec-24,0.082793
11-Dec-24,0.082857
16-Dec-24,0.082652
21-Dec-24,0.082748
26-Dec-24,0.08275
31-Dec-24,0.082798
05-Jan-25,0.082761
10-Jan-25,0.082605
15-Jan-25,0.082452
20-Jan-25,0.082675
25-Jan-25,0.082658
30-Jan-25,0.082798
04-Feb-25,0.082795
09-Feb-25,0.082823
14-Feb-25,0.082899
19-Feb-25,0.083022
24-Feb-25,0.083108
01-Mar-25,0.083037
06-Mar-25,0.083107
11-Mar-25,0.083249
16-Mar-25,0.08318
21-Mar-25,0.083202
26-Mar-25,0.083257
31-Mar-25,0.083217
05-Apr-25,0.083227
10-Apr-25,0.083299
15-Apr-25,0.083146
20-Apr-25,0.083109
25-Apr-25,0.083101
30-Apr-25,0.083089
05-May-25,0.083147
10-May-25,0.083177
15-May-25,0.083197
20-May-25,0.083269
25-May-25,0.083397
30-May-25,0.083218
04-Jun-25,0.083249
09-Jun-25,0.083265
14-Jun-25,0.083259
19-Jun-25,0.083481
24-Jun-25,0.083501
29-Jun-25,0.083466
04-Jul-25,0.083587
09-Jul-25,0.083488
14-Jul-25,0.083437
19-Jul-25,0.083481
24-Jul-25,0.083396
29-Jul-25,0.083513
03-Aug-25,0.08346
08-Aug-25,0.08353
13-Aug-25,0.083483
18-Aug-25,0.083488
23-Aug-25,0.08344
28-Aug-25,0.083538
02-Sep-25,0.083502
07-Sep-25,0.08345
12-Sep-25,0.083461
17-Sep-25,0.083519
22-Sep-25,0.083616
27-Sep-25,0.0836
02-Oct-25,0.0836
07-Oct-25,0.083631
12-Oct-25,0.083371
17-Oct-25,0.083539
22-Oct-25,0.08354
27-Oct-25,0.083464
01-Nov-25,0.083462
06-Nov-25,0.083437
11-Nov-25,0.083302
16-Nov-25,0.0829
21-Nov-25,0.082884
26-Nov-25,0.082975
01-Dec-25,0.083071
06-Dec-25,0.083063
11-Dec-25,0.08315
16-Dec-25,0.08315
21-Dec-25,0.083163
26-Dec-25,0.083201
31-Dec-25,0.083344
05-Jan-26,0.083256
10-Jan-26,0.083393
15-Jan-26,0.083379
20-Jan-26,0.083348
25-Jan-26,0.083336
30-Jan-26,0.083441
04-Feb-26,0.083513
09-Feb-26,0.083492
14-Feb-26,0.083501
19-Feb-26,0.083492
24-Feb-26,0.083654
01-Mar-26,0.083791
06-Mar-26,0.083712
11-Mar-26,0.08368
16-Mar-26,0.08365
21-Mar-26,0.083595
26-Mar-26,0.083638
31-Mar-26,0.083609
05-Apr-26,0.083541
10-Apr-26,0.083537
15-Apr-26,0.083473
20-Apr-26,0.083523
25-Apr-26,0.083466
30-Apr-26,0.083581
05-May-26,0.08354
10-May-26,0.0835
15-May-26,0.08333
20-May-26,0.083373
25-May-26,0.083337
30-May-26,0.083233
04-Jun-26,0.083414
09-Jun-26,0.083493
14-Jun-26,0.0835
19-Jun-26,0.083434
24-Jun-26,0.083393
29-Jun-26,0.083374
04-Jul-26,0.083257
09-Jul-26,0.083126
14-Jul-26,0.083136
19-Jul-26,0.083247
24-Jul-26,0.083359
29-Jul-26,0.083355
03-Aug-26,0.083276
08-Aug-26,0.083235
13-Aug-26,0.083242
18-Aug-26,0.083347
23-Aug-26,0.083281
28-Aug-26,0.083399
02-Sep-26,0.083454
07-Sep-26,0.083451
12-Sep-26,0.083422
17-Sep-26,0.08342
22-Sep-26,0.083369
27-Sep-26,0.0834
02-Oct-26,0.0835
07-Oct-26,0.083361
12-Oct-26,0.083365
17-Oct-26,0.083354
22-Oct-26,0.08326
27-Oct-26,0.083155
01-Nov-26,0.083025
06-Nov-26,0.08299
11-Nov-26,0.08295
16-Nov-26,0.082877
21-Nov-26,0.08294
26-Nov-26,0.082999
01-Dec-26,0.08294
06-Dec-26,0.082885
11-Dec-26,0.082887
16-Dec-26,0.082823
21-Dec-26,0.082775
26-Dec-26,0.08285
31-Dec-26,0.082856
05-Jan-27,0.082777
10-Jan-27,0.082725
15-Jan-27,0.082746
20-Jan-27,0.082605
25-Jan-27,0.082653
30-Jan-27,0.082509
04-Feb-27,0.082481
09-Feb-27,0.082471
14-Feb-27,0.082651
19-Feb-27,0.082684
24-Feb-27,0.082563
01-Mar-27,0.0826
06-Mar-27,0.082564
11-Mar-27,0.082578
16-Mar-27,0.082528
21-Mar-27,0.082545
26-Mar-27,0.082537
31-Mar-27,0.082649
05-Apr-27,0.08257
10-Apr-27,0.082506
15-Apr-27,0.082398
20-Apr-27,0.082391
25-Apr-27,0.082347
30-Apr-27,0.082268
05-May-27,0.082253
10-May-27,0.082237
15-May-27,0.082236
20-May-27,0.08215
25-May-27,0.08213
30-May-27,0.082046
04-Jun-27,0.081929
09-Jun-27,0.082022
14-Jun-27,0.082039
19-Jun-27,0.08205
24-Jun-27,0.082009
29-Jun-27,0.08202
04-Jul-27,0.08204
09-Jul-27,0.082079
14-Jul-27,0.082006
19-Jul-27,0.081882
24-Jul-27,0.081819
29-Jul-27,0.081769
03-Aug-27,0.081775
08-Aug-27,0.0817
13-Aug-27,0.08151
18-Aug-27,0.081371
23-Aug-27,0.081283
28-Aug-27,0.081273
02-Sep-27,0.081149
07-Sep-27,0.081299
12-Sep-27,0.0815
17-Sep-27,0.08149
22-Sep-27,0.08144
27-Sep-27,0.08145
02-Oct-27,0.081359
07-Oct-27,0.081196
12-Oct-27,0.081079
17-Oct-27,0.080904
22-Oct-27,0.08085
27-Oct-27,0.080949
01-Nov-27,0.080946
06-Nov-27,0.081
11-Nov-27,0.080985
16-Nov-27,0.080955
21-Nov-27,0.0809
26-Nov-27,0.080888
01-Dec-27,0.08095
06-Dec-27,0.081003
11-Dec-27,0.080773
16-Dec-27,0.08081
21-Dec-27,0.0809
26-Dec-27,0.080803
31-Dec-27,0.080998
05-Jan-28,0.081099
10-Jan-28,0.081037
15-Jan-28,0.080889
20-Jan-28,0.080705
25-Jan-28,0.080728
30-Jan-28,0.080469
04-Feb-28,0.080422
09-Feb-28,0.080546
14-Feb-28,0.080521
19-Feb-28,0.080703
24-Feb-28,0.080756
29-Feb-28,0.080607
05-Mar-28,0.080524
10-Mar-28,0.08031
15-Mar-28,0.08014
20-Mar-28,0.080291
25-Mar-28,0.08027
30-Mar-28,0.08033
04-Apr-28,0.080456
09-Apr-28,0.080434
14-Apr-28,0.080454
19-Apr-28,0.080538
24-Apr-28,0.080643
29-Apr-28,0.080368
04-May-28,0.080294
09-May-28,0.080553
14-May-28,0.080698
19-May-28,0.080575
24-May-28,0.08049
29-May-28,0.080539
03-Jun-28,0.080352
08-Jun-28,0.080536
13-Jun-28,0.080746
18-Jun-28,0.080945
23-Jun-28,0.080793
28-Jun-28,0.080798
03-Jul-28,0.080876
08-Jul-28,0.080945
13-Jul-28,0.080879
18-Jul-28,0.080752
23-Jul-28,0.080599
28-Jul-28,0.080525
02-Aug-28,0.080434
07-Aug-28,0.080029
12-Aug-28,0.08002
17-Aug-28,0.0798
22-Aug-28,0.079623
27-Aug-28,0.079951
01-Sep-28,0.080153
06-Sep-28,0.07993
11-Sep-28,0.079736
16-Sep-28,0.079683
21-Sep-28,0.079837
26-Sep-28,0.079811
01-Oct-28,0.079798
06-Oct-28,0.079897
11-Oct-28,0.07998
16-Oct-28,0.080035
21-Oct-28,0.079897
26-Oct-28,0.079957
31-Oct-28,0.08
05-Nov-28,0.080295
10-Nov-28,0.080342
15-Nov-28,0.080349
20-Nov-28,0.080348
25-Nov-28,0.0804
30-Nov-28,0.080377
05-Dec-28,0.080403
10-Dec-28,0.08031
15-Dec-28,0.080413
20-Dec-28,0.080373
25-Dec-28,0.080472
30-Dec-28,0.080549
04-Jan-29,0.080534
09-Jan-29,0.080635
14-Jan-29,0.080709
19-Jan-29,0.080865
24-Jan-29,0.080686
29-Jan-29,0.080581
03-Feb-29,0.080685
08-Feb-29,0.080664
13-Feb-29,0.080584
18-Feb-29,0.0806
23-Feb-29,0.080631
28-Feb-29,0.080686
05-Mar-29,0.080725
10-Mar-29,0.0807
15-Mar-29,0.08071
20-Mar-29,0.080466
25-Mar-29,0.080513
30-Mar-29,0.080505
04-Apr-29,0.080589
09-Apr-29,0.080275
14-Apr-29,0.08037
19-Apr-29,0.080228
24-Apr-29,0.080401
29-Apr-29,0.080487
04-May-29,0.080493
09-May-29,0.080689
14-May-29,0.080792
19-May-29,0.080869
24-May-29,0.080826
29-May-29,0.080838
03-Jun-29,0.080949
08-Jun-29,0.080848
13-Jun-29,0.080881
18-Jun-29,0.080801
23-Jun-29,0.080861
28-Jun-29,0.080879
03-Jul-29,0.080945
08-Jul-29,0.080988
13-Jul-29,0.081021
18-Jul-29,0.080983
23-Jul-29,0.081004
28-Jul-29,0.081029
02-Aug-29,0.081043
07-Aug-29,0.080892
12-Aug-29,0.080909
17-Aug-29,0.080773
22-Aug-29,0.08076
27-Aug-29,0.080689
01-Sep-29,0.080372
06-Sep-29,0.080269
11-Sep-29,0.080059
16-Sep-29,0.079839
21-Sep-29,0.080016
26-Sep-29,0.07973
01-Oct-29,0.079389
06-Oct-29,0.079259
11-Oct-29,0.079201
16-Oct-29,0.079262
21-Oct-29,0.079546
26-Oct-29,0.079628
31-Oct-29,0.079732
05-Nov-29,0.079675
10-Nov-29,0.079347
15-Nov-29,0.079
20-Nov-29,0.078908
25-Nov-29,0.078647
30-Nov-29,0.078579
05-Dec-29,0.078925
10-Dec-29,0.078694
15-Dec-29,0.078716
20-Dec-29,0.078878
25-Dec-29,0.078757
30-Dec-29,0.078586
04-Jan-30,0.078311
09-Jan-30,0.078428
14-Jan-30,0.078345
19-Jan-30,0.078302
24-Jan-30,0.07854
29-Jan-30,0.078833
03-Feb-30,0.078626
08-Feb-30,0.078774
13-Feb-30,0.0786
18-Feb-30,0.078597
23-Feb-30,0.07902
28-Feb-30,0.078965
05-Mar-30,0.079127
10-Mar-30,0.079314
15-Mar-30,0.0794
20-Mar-30,0.079322
25-Mar-30,0.07937
30-Mar-30,0.079354
04-Apr-30,0.079064
09-Apr-30,0.078824
14-Apr-30,0.079067
19-Apr-30,0.079046
24-Apr-30,0.07913
29-Apr-30,0.079174
04-May-30,0.07895
09-May-30,0.078614
14-May-30,0.07877
19-May-30,0.078818
24-May-30,0.078855
29-May-30,0.078882
03-Jun-30,0.078923
08-Jun-30,0.078907
13-Jun-30,0.079083
18-Jun-30,0.079165
23-Jun-30,0.079127
28-Jun-30,0.079098
03-Jul-30,0.079039
08-Jul-30,0.079027
13-Jul-30,0.07881
18-Jul-30,0.078988
23-Jul-30,0.078994
28-Jul-30,0.079082
02-Aug-30,0.07905
07-Aug-30,0.079168
12-Aug-30,0.07918
17-Aug-30,0.079353
22-Aug-30,0.079219
27-Aug-30,0.079156
01-Sep-30,0.07917
06-Sep-30,0.079121
11-Sep-30,0.078966
16-Sep-30,0.078858
21-Sep-30,0.078867
26-Sep-30,0.078724
01-Oct-30,0.078825
06-Oct-30,0.078778
11-Oct-30,0.078618
16-Oct-30,0.078601
21-Oct-30,0.078557
26-Oct-30,0.078485
31-Oct-30,0.078407
05-Nov-30,0.078426
10-Nov-30,0.078356
15-Nov-30,0.078379
20-Nov-30,0.078261
25-Nov-30,0.07821
30-Nov-30,0.078222
05-Dec-30,0.07831
10-Dec-30,0.078369
15-Dec-30,0.078329
20-Dec-30,0.078263
25-Dec-30,0.0783
30-Dec-30,0.078475
04-Jan-31,0.078458
09-Jan-31,0.078352
14-Jan-31,0.078366
19-Jan-31,0.078369
24-Jan-31,0.07829
29-Jan-31,0.07819
03-Feb-31,0.077979
08-Feb-31,0.077816
13-Feb-31,0.077608
18-Feb-31,0.077629
23-Feb-31,0.077803
28-Feb-31,0.077793
05-Mar-31,0.077159
10-Mar-31,0.076854
15-Mar-31,0.076721
20-Mar-31,0.076953
25-Mar-31,0.076856
30-Mar-31,0.076893
04-Apr-31,0.077038
09-Apr-31,0.077102
14-Apr-31,0.076883
19-Apr-31,0.07707
24-Apr-31,0.077286
29-Apr-31,0.0772
04-May-31,0.07715
09-May-31,0.077101
14-May-31,0.076788
19-May-31,0.076512
24-May-31,0.076663
29-May-31,0.076575
03-Jun-31,0.076454
08-Jun-31,0.076536
13-Jun-31,0.076371
18-Jun-31,0.075859
23-Jun-31,0.075904
28-Jun-31,0.076086
03-Jul-31,0.076462
08-Jul-31,0.076321
13-Jul-31,0.076216
18-Jul-31,0.076248
23-Jul-31,0.076687
28-Jul-31,0.076952
02-Aug-31,0.07726
07-Aug-31,0.077793
12-Aug-31,0.077577
17-Aug-31,0.077712
22-Aug-31,0.077778
27-Aug-31,0.077498
01-Sep-31,0.077456
06-Sep-31,0.077489
11-Sep-31,0.077726
16-Sep-31,0.077907
21-Sep-31,0.078057
26-Sep-31,0.077805
01-Oct-31,0.077655
06-Oct-31,0.077502
11-Oct-31,0.077711
16-Oct-31,0.07781
21-Oct-31,0.077979
26-Oct-31,0.078287
31-Oct-31,0.078024
05-Nov-31,0.077812
10-Nov-31,0.078093
15-Nov-31,0.078028
20-Nov-31,0.077939
25-Nov-31,0.077757
30-Nov-31,0.077626
05-Dec-31,0.0777
10-Dec-31,0.077382
15-Dec-31,0.07727
20-Dec-31,0.077342
25-Dec-31,0.077208
30-Dec-31,0.077267
04-Jan-32,0.077355
09-Jan-32,0.077421
14-Jan-32,0.077507
19-Jan-32,0.077733
24-Jan-32,0.0779
29-Jan-32,0.07808
03-Feb-32,0.078242
08-Feb-32,0.078081
13-Feb-32,0.078099
18-Feb-32,0.078013
23-Feb-32,0.077951
28-Feb-32,0.078048
04-Mar-32,0.078125
09-Mar-32,0.078274
14-Mar-32,0.077904
19-Mar-32,0.07791
24-Mar-32,0.07776
29-Mar-32,0.077428
03-Apr-32,0.077486
08-Apr-32,0.077497
13-Apr-32,0.077588
18-Apr-32,0.07739
23-Apr-32,0.077416
28-Apr-32,0.077287
03-May-32,0.077238
08-May-32,0.077094
13-May-32,0.077187
18-May-32,0.077005
23-May-32,0.07697
28-May-32,0.076861
02-Jun-32,0.076697
07-Jun-32,0.076568
12-Jun-32,0.076851
17-Jun-32,0.076816
22-Jun-32,0.077397
27-Jun-32,0.077223
02-Jul-32,0.077224
07-Jul-32,0.077
12-Jul-32,0.077378
17-Jul-32,0.07742
22-Jul-32,0.077529
27-Jul-32,0.077657
01-Aug-32,0.077865
06-Aug-32,0.077807
11-Aug-32,0.077708
16-Aug-32,0.077817
21-Aug-32,0.078014
26-Aug-32,0.078017
31-Aug-32,0.077871
05-Sep-32,0.077823
10-Sep-32,0.077817
15-Sep-32,0.077722
20-Sep-32,0.077954
25-Sep-32,0.077994
30-Sep-32,0.078322
05-Oct-32,0.078333
10-Oct-32,0.078372
15-Oct-32,0.078226
20-Oct-32,0.078311
25-Oct-32,0.078214
30-Oct-32,0.0781
04-Nov-32,0.077987
09-Nov-32,0.0781
14-Nov-32,0.078024
19-Nov-32,0.078104
24-Nov-32,0.07827
29-Nov-32,0.078355
04-Dec-32,0.078181
09-Dec-32,0.07812
14-Dec-32,0.077964
19-Dec-32,0.077904
24-Dec-32,0.077959
29-Dec-32,0.078117
03-Jan-33,0.078057
08-Jan-33,0.077933
13-Jan-33,0.077905
18-Jan-33,0.077948
23-Jan-33,0.077999
28-Jan-33,0.07811
02-Feb-33,0.078217
07-Feb-33,0.078347
12-Feb-33,0.078389
17-Feb-33,0.078317
22-Feb-33,0.078197
27-Feb-33,0.078272
04-Mar-33,0.078434
09-Mar-33,0.078321
14-Mar-33,0.07846
19-Mar-33,0.07832
24-Mar-33,0.078269
29-Mar-33,0.07848
03-Apr-33,0.078767
08-Apr-33,0.078701
13-Apr-33,0.078633
18-Apr-33,0.07877
23-Apr-33,0.078874
28-Apr-33,0.078777
03-May-33,0.078804
08-May-33,0.078842
13-May-33,0.079079
18-May-33,0.078933
23-May-33,0.07906
28-May-33,0.07897
02-Jun-33,0.078967
07-Jun-33,0.0788
12-Jun-33,0.078796
17-Jun-33,0.078877
22-Jun-33,0.078901
27-Jun-33,0.078761
02-Jul-33,0.07876
07-Jul-33,0.078518
12-Jul-33,0.078608
17-Jul-33,0.078662
22-Jul-33,0.07866
27-Jul-33,0.078711
01-Aug-33,0.078647
06-Aug-33,0.078671
11-Aug-33,0.078388
16-Aug-33,0.0783
21-Aug-33,0.078187
26-Aug-33,0.078015
31-Aug-33,0.078109
05-Sep-33,0.078175
10-Sep-33,0.078225
15-Sep-33,0.078346
20-Sep-33,0.078404
25-Sep-33,0.078474
30-Sep-33,0.078509
05-Oct-33,0.0786
10-Oct-33,0.078565
15-Oct-33,0.078457
20-Oct-33,0.0785
25-Oct-33,0.0785
30-Oct-33,0.078525
04-Nov-33,0.078469
09-Nov-33,0.078255
14-Nov-33,0.078279
19-Nov-33,0.078285
24-Nov-33,0.0782
29-Nov-33,0.077901
04-Dec-33,0.0776
09-Dec-33,0.077258
14-Dec-33,0.076708
19-Dec-33,0.076433
24-Dec-33,0.076151
29-Dec-33,0.076533
03-Jan-34,0.076967
08-Jan-34,0.077397
13-Jan-34,0.077068
18-Jan-34,0.07733
23-Jan-34,0.077539
28-Jan-34,0.077312
02-Feb-34,0.076957
07-Feb-34,0.075915
12-Feb-34,0.076048
17-Feb-34,0.076211
22-Feb-34,0.076441
27-Feb-34,0.07638
04-Mar-34,0.076673
09-Mar-34,0.076843
14-Mar-34,0.076703
19-Mar-34,0.076911
24-Mar-34,0.076826
29-Mar-34,0.076549
03-Apr-34,0.076606
08-Apr-34,0.076665
13-Apr-34,0.077006
18-Apr-34,0.076749
23-Apr-34,0.076694
28-Apr-34,0.076758
03-May-34,0.076856
08-May-34,0.076895
13-May-34,0.076831
18-May-34,0.076819
23-May-34,0.076666
28-May-34,0.076749
02-Jun-34,0.076786
07-Jun-34,0.076816
12-Jun-34,0.076791
17-Jun-34,0.076945
22-Jun-34,0.076915
27-Jun-34,0.077003
02-Jul-34,0.076898
07-Jul-34,0.076952
12-Jul-34,0.076965
17-Jul-34,0.076886
22-Jul-34,0.076905
27-Jul-34,0.076813
01-Aug-34,0.076822
06-Aug-34,0.07662
11-Aug-34,0.076625
16-Aug-34,0.076625
21-Aug-34,0.076625
26-Aug-34,0.076619
31-Aug-34,0.076619
05-Sep-34,0.076415
10-Sep-34,0.076415
15-Sep-34,0.076415
20-Sep-34,0.076415
25-Sep-34,0.076415
30-Sep-34,0.076415
05-Oct-34,0.077588
10-Oct-34,0.077652
15-Oct-34,0.077307
20-Oct-34,0.077447
25-Oct-34,0.077525
30-Oct-34,0.077717
04-Nov-34,0.077729
09-Nov-34,0.077847
14-Nov-34,0.077714
19-Nov-34,0.077647
24-Nov-34,0.07754
29-Nov-34,0.07745
04-Dec-34,0.077372
09-Dec-34,0.077502
14-Dec-34,0.077534
19-Dec-34,0.077594
24-Dec-34,0.07777
29-Dec-34,0.077999
03-Jan-35,0.078034
08-Jan-35,0.078016
13-Jan-35,0.078022
18-Jan-35,0.078009
23-Jan-35,0.07803
28-Jan-35,0.078063
02-Feb-35,0.078064
07-Feb-35,0.078053
12-Feb-35,0.078102
17-Feb-35,0.078082
22-Feb-35,0.077839
27-Feb-35,0.077748
04-Mar-35,0.077819
09-Mar-35,0.077885
14-Mar-35,0.078108
19-Mar-35,0.078062
24-Mar-35,0.078173
29-Mar-35,0.078401
03-Apr-35,0.078065
08-Apr-35,0.07812
13-Apr-35,0.078355
18-Apr-35,0.07812
23-Apr-35,0.077876
28-Apr-35,0.077603
03-May-35,0.07731
08-May-35,0.077528
13-May-35,0.077451
18-May-35,0.077546
23-May-35,0.077489
28-May-35,0.077459
02-Jun-35,0.077915
07-Jun-35,0.077818
12-Jun-35,0.077984
17-Jun-35,0.078067
22-Jun-35,0.077657
27-Jun-35,0.077758
02-Jul-35,0.077905
07-Jul-35,0.077885
12-Jul-35,0.07778
17-Jul-35,0.077799
22-Jul-35,0.077872
27-Jul-35,0.077881
01-Aug-35,0.077843
06-Aug-35,0.077795
11-Aug-35,0.077784
16-Aug-35,0.078
21-Aug-35,0.077964
26-Aug-35,0.077968
31-Aug-35,0.078133
05-Sep-35,0.078151
10-Sep-35,0.078107
15-Sep-35,0.077981
20-Sep-35,0.078143
25-Sep-35,0.078209
30-Sep-35,0.078261
05-Oct-35,0.078189
10-Oct-35,0.078206
15-Oct-35,0.078028
20-Oct-35,0.07813
25-Oct-35,0.077946
30-Oct-35,0.078089
04-Nov-35,0.078072
09-Nov-35,0.078107
14-Nov-35,0.07824
19-Nov-35,0.078296
24-Nov-35,0.078369
29-Nov-35,0.078464
04-Dec-35,0.078535
09-Dec-35,0.078494
14-Dec-35,0.07854
19-Dec-35,0.078402
24-Dec-35,0.078378
29-Dec-35,0.078367
03-Jan-36,0.078268
08-Jan-36,0.07826
13-Jan-36,0.07821
18-Jan-36,0.078105
23-Jan-36,0.078006
28-Jan-36,0.078131
02-Feb-36,0.078266
07-Feb-36,0.078291
12-Feb-36,0.078352
17-Feb-36,0.078215
22-Feb-36,0.078196
27-Feb-36,0.078235
03-Mar-36,0.078043
08-Mar-36,0.07803
13-Mar-36,0.078095
18-Mar-36,0.078122
23-Mar-36,0.078212
28-Mar-36,0.078249
02-Apr-36,0.078234
07-Apr-36,0.078191
12-Apr-36,0.078126
17-Apr-36,0.078043
22-Apr-36,0.078159
27-Apr-36,0.078176
02-May-36,0.078151
07-May-36,0.078298
12-May-36,0.07846
17-May-36,0.078591
22-May-36,0.078527
27-May-36,0.078504
01-Jun-36,0.078653
06-Jun-36,0.078511
11-Jun-36,0.078438
16-Jun-36,0.078352
21-Jun-36,0.078339
26-Jun-36,0.078671
01-Jul-36,0.079088
06-Jul-36,0.079304
11-Jul-36,0.079048
16-Jul-36,0.079249
21-Jul-36,0.079255
26-Jul-36,0.079318
31-Jul-36,0.079387
05-Aug-36,0.079384
10-Aug-36,0.079441
15-Aug-36,0.079374
20-Aug-36,0.0794
25-Aug-36,0.079277
30-Aug-36,0.078794
04-Sep-36,0.07876
09-Sep-36,0.078794
14-Sep-36,0.078859
19-Sep-36,0.078549
24-Sep-36,0.078297
29-Sep-36,0.078404
04-Oct-36,0.078813
09-Oct-36,0.07882
14-Oct-36,0.078766
19-Oct-36,0.07882
24-Oct-36,0.078837
29-Oct-36,0.078833
03-Nov-36,0.078615
08-Nov-36,0.078741
13-Nov-36,0.078673
18-Nov-36,0.078697
23-Nov-36,0.078808
28-Nov-36,0.079096
03-Dec-36,0.079116
08-Dec-36,0.079367
13-Dec-36,0.079524
18-Dec-36,0.07943
23-Dec-36,0.079402
28-Dec-36,0.079108
02-Jan-37,0.079321
07-Jan-37,0.079325
12-Jan-37,0.079273
17-Jan-37,0.079243
22-Jan-37,0.079194
27-Jan-37,0.079195
01-Feb-37,0.07928
06-Feb-37,0.079365
11-Feb-37,0.079521
16-Feb-37,0.079525
21-Feb-37,0.079549
26-Feb-37,0.07954
03-Mar-37,0.079604
08-Mar-37,0.079666
13-Mar-37,0.079719
18-Mar-37,0.079705
23-Mar-37,0.079594
28-Mar-37,0.07957
02-Apr-37,0.079367
07-Apr-37,0.07925
12-Apr-37,0.079227
17-Apr-37,0.079422
22-Apr-37,0.079448
27-Apr-37,0.079362
02-May-37,0.079839
07-May-37,0.079879
12-May-37,0.079843
17-May-37,0.079979
22-May-37,0.079973
27-May-37,0.079958
01-Jun-37,0.080007
06-Jun-37,0.079922
11-Jun-37,0.080022
16-Jun-37,0.080013
21-Jun-37,0.079964
26-Jun-37,0.079997
01-Jul-37,0.080018
06-Jul-37,0.08
11-Jul-37,0.080032
16-Jul-37,0.0801
21-Jul-37,0.080159
26-Jul-37,0.080283
31-Jul-37,0.080357
05-Aug-37,0.080293
10-Aug-37,0.080361
15-Aug-37,0.080364
20-Aug-37,0.080581
25-Aug-37,0.080579
30-Aug-37,0.080625
04-Sep-37,0.080636
09-Sep-37,0.080414
14-Sep-37,0.080496
19-Sep-37,0.080609
24-Sep-37,0.080798
29-Sep-37,0.08085
04-Oct-37,0.080786
09-Oct-37,0.080594
14-Oct-37,0.079811
19-Oct-37,0.079477
24-Oct-37,0.079428
29-Oct-37,0.079321
03-Nov-37,0.079526
08-Nov-37,0.07937
13-Nov-37,0.079547
18-Nov-37,0.079832
23-Nov-37,0.07944
28-Nov-37,0.079497
03-Dec-37,0.079554
08-Dec-37,0.079705
13-Dec-37,0.079824
18-Dec-37,0.079987
23-Dec-37,0.080114
28-Dec-37,0.080015
02-Jan-38,0.079946
07-Jan-38,0.079965
12-Jan-38,0.08011
17-Jan-38,0.080045
22-Jan-38,0.080042
27-Jan-38,0.08007
01-Feb-38,0.079952
06-Feb-38,0.07996
11-Feb-38,0.079925
16-Feb-38,0.079916
21-Feb-38,0.080099
26-Feb-38,0.080023
03-Mar-38,0.080093
08-Mar-38,0.07999
13-Mar-38,0.079911
18-Mar-38,0.079933
23-Mar-38,0.079935
28-Mar-38,0.079998
02-Apr-38,0.080052
07-Apr-38,0.08017
12-Apr-38,0.080067
17-Apr-38,0.080076
22-Apr-38,0.080127
27-Apr-38,0.080157
02-May-38,0.080114
07-May-38,0.08
12-May-38,0.080031
17-May-38,0.079997
22-May-38,0.080007
27-May-38,0.08001
01-Jun-38,0.079997
06-Jun-38,0.079825
11-Jun-38,0.079805
16-Jun-38,0.079804
21-Jun-38,0.079805
26-Jun-38,0.079857
01-Jul-38,0.079784
06-Jul-38,0.079632
11-Jul-38,0.0797
16-Jul-38,0.079602
21-Jul-38,0.079599
26-Jul-38,0.079969
31-Jul-38,0.080047
05-Aug-38,0.080069
10-Aug-38,0.080039
15-Aug-38,0.079964
20-Aug-38,0.080083
25-Aug-38,0.080109
30-Aug-38,0.080148
04-Sep-38,0.080351
09-Sep-38,0.080429
14-Sep-38,0.080429
19-Sep-38,0.08056
24-Sep-38,0.080537
29-Sep-38,0.080486
04-Oct-38,0.08054
09-Oct-38,0.080538
14-Oct-38,0.080619
19-Oct-38,0.080741
24-Oct-38,0.08061
29-Oct-38,0.080683
03-Nov-38,0.08056
08-Nov-38,0.0804
13-Nov-38,0.080343
18-Nov-38,0.080347
23-Nov-38,0.08034
28-Nov-38,0.080306
03-Dec-38,0.080289
08-Dec-38,0.080039
13-Dec-38,0.079941
18-Dec-38,0.080037
23-Dec-38,0.080077
28-Dec-38,0.080324
02-Jan-39,0.080211
07-Jan-39,0.080208
12-Jan-39,0.08033
17-Jan-39,0.0804
22-Jan-39,0.080401
27-Jan-39,0.080229
01-Feb-39,0.080192
06-Feb-39,0.080211
11-Feb-39,0.080295
16-Feb-39,0.08024
21-Feb-39,0.080233
26-Feb-39,0.080215
03-Mar-39,0.079694
08-Mar-39,0.0798
13-Mar-39,0.079725
18-Mar-39,0.079919
23-Mar-39,0.079712
28-Mar-39,0.079667
02-Apr-39,0.079816
07-Apr-39,0.079725
12-Apr-39,0.079749
17-Apr-39,0.079776
22-Apr-39,0.079764
27-Apr-39,0.079818
02-May-39,0.079844
07-May-39,0.0798
12-May-39,0.079838
17-May-39,0.079755
22-May-39,0.079691
27-May-39,0.079681
01-Jun-39,0.079733
06-Jun-39,0.07966
11-Jun-39,0.079738
16-Jun-39,0.079732
21-Jun-39,0.0798
26-Jun-39,0.079734
01-Jul-39,0.079794
06-Jul-39,0.07948
11-Jul-39,0.079348
16-Jul-39,0.079286
21-Jul-39,0.079243
26-Jul-39,0.079105
31-Jul-39,0.079161
05-Aug-39,0.079148
10-Aug-39,0.078988
15-Aug-39,0.0791
20-Aug-39,0.079
25-Aug-39,0.0788
30-Aug-39,0.07879
04-Sep-39,0.07889
09-Sep-39,0.078921
14-Sep-39,0.078849
19-Sep-39,0.078769
24-Sep-39,0.078631
29-Sep-39,0.078556
04-Oct-39,0.078488
09-Oct-39,0.078498
14-Oct-39,0.07837
19-Oct-39,0.078168
24-Oct-39,0.078193
29-Oct-39,0.0784
03-Nov-39,0.07845
08-Nov-39,0.078325
13-Nov-39,0.07845
18-Nov-39,0.078393
23-Nov-39,0.078446
28-Nov-39,0.078368
03-Dec-39,0.078461
08-Dec-39,0.078236
13-Dec-39,0.078136
18-Dec-39,0.078218
23-Dec-39,0.078249
28-Dec-39,0.07835
02-Jan-40,0.078294
07-Jan-40,0.078349
12-Jan-40,0.078113
17-Jan-40,0.078056
22-Jan-40,0.078149
27-Jan-40,0.078096
01-Feb-40,0.078184
06-Feb-40,0.078113
11-Feb-40,0.078229
16-Feb-40,0.078339
21-Feb-40,0.078295
26-Feb-40,0.078317
02-Mar-40,0.078366
07-Mar-40,0.07835
12-Mar-40,0.07845
17-Mar-40,0.078438
22-Mar-40,0.0785
27-Mar-40,0.078465
01-Apr-40,0.078304
06-Apr-40,0.078147
11-Apr-40,0.0781
16-Apr-40,0.078137
21-Apr-40,0.078222
26-Apr-40,0.078252
01-May-40,0.078252
06-May-40,0.078212
11-May-40,0.078246
16-May-40,0.078147
21-May-40,0.078273
26-May-40,0.07827
31-May-40,0.078301
05-Jun-40,0.078261
10-Jun-40,0.078235
15-Jun-40,0.078269
20-Jun-40,0.078276
25-Jun-40,0.07813
30-Jun-40,0.07763
05-Jul-40,0.077488
10-Jul-40,0.077588
15-Jul-40,0.077588
20-Jul-40,0.077537
25-Jul-40,0.077642
30-Jul-40,0.077862
04-Aug-40,0.077848
09-Aug-40,0.077846
14-Aug-40,0.077823
19-Aug-40,0.077846
24-Aug-40,0.078109
29-Aug-40,0.078115
03-Sep-40,0.077897
08-Sep-40,0.078352
13-Sep-40,0.078503
18-Sep-40,0.078232
23-Sep-40,0.07822
28-Sep-40,0.0783
03-Oct-40,0.078334
08-Oct-40,0.078096
13-Oct-40,0.077894
18-Oct-40,0.078028
23-Oct-40,0.077963
28-Oct-40,0.07817
02-Nov-40,0.078266
07-Nov-40,0.078271
12-Nov-40,0.07821
17-Nov-40,0.078397
22-Nov-40,0.078364
27-Nov-40,0.078488
02-Dec-40,0.078534
07-Dec-40,0.078514
12-Dec-40,0.078499
17-Dec-40,0.078725
22-Dec-40,0.078763
27-Dec-40,0.078885
01-Jan-41,0.078827
06-Jan-41,0.079001
11-Jan-41,0.079032
16-Jan-41,0.078963
21-Jan-41,0.079033
26-Jan-41,0.079017
31-Jan-41,0.079003
05-Feb-41,0.078963
10-Feb-41,0.078911
15-Feb-41,0.078728
20-Feb-41,0.078686
25-Feb-41,0.07862
02-Mar-41,0.078449
07-Mar-41,0.078606
12-Mar-41,0.0786
17-Mar-41,0.078763
22-Mar-41,0.078878
27-Mar-41,0.078874
01-Apr-41,0.079132
06-Apr-41,0.07902
11-Apr-41,0.079117
16-Apr-41,0.079091
21-Apr-41,0.078709
26-Apr-41,0.078737
01-May-41,0.078619
06-May-41,0.078629
11-May-41,0.078584
16-May-41,0.078723
21-May-41,0.078831
26-May-41,0.078882
31-May-41,0.078777
05-Jun-41,0.078846
10-Jun-41,0.078825
15-Jun-41,0.078723
20-Jun-41,0.078799
25-Jun-41,0.078798
30-Jun-41,0.078929
05-Jul-41,0.078884
10-Jul-41,0.078961
15-Jul-41,0.07887
20-Jul-41,0.078914
25-Jul-41,0.078934
30-Jul-41,0.078929
04-Aug-41,0.078937
09-Aug-41,0.078876
14-Aug-41,0.078922
19-Aug-41,0.0789
24-Aug-41,0.078939
29-Aug-41,0.078919
03-Sep-41,0.078931
08-Sep-41,0.079066
13-Sep-41,0.079045
18-Sep-41,0.079084
23-Sep-41,0.079087
28-Sep-41,0.079141
03-Oct-41,0.079066
08-Oct-41,0.079099
13-Oct-41,0.07919
18-Oct-41,0.079168
23-Oct-41,0.079239
28-Oct-41,0.07927
02-Nov-41,0.079274
07-Nov-41,0.079215
12-Nov-41,0.079128
17-Nov-41,0.079118
22-Nov-41,0.07927
27-Nov-41,0.07927
02-Dec-41,0.079326
07-Dec-41,0.079366
12-Dec-41,0.079495
17-Dec-41,0.079566
22-Dec-41,0.079875
27-Dec-41,0.07967
01-Jan-42,0.079613
06-Jan-42,0.079596
11-Jan-42,0.079606
16-Jan-42,0.079597
